<?xml version="1.0"?>
<EmbeddedProfile xmlns:xsi="http://www.w3.org/2001/XMLSchema-instance" xmlns:xsd="http://www.w3.org/2001/XMLSchema">
  <ToolchainID>com.visualgdb.arm-eabi</ToolchainID>
  <ToolchainVersion>
    <Revision>0</Revision>
  </ToolchainVersion>
  <BspID>com.sysprogs.arm.stm32</BspID>
  <BspVersion>2018.08</BspVersion>
  <McuID>STM32F745VE</McuID>
  <MCUDefinitionFile>STM32F7xxxx/DeviceDefinitions/stm32f745xx.xml</MCUDefinitionFile>
  <MCUProperties>
    <Entries>
      <KeyValue>
        <Key>com.sysprogs.bspoptions.primary_memory</Key>
        <Value>flash</Value>
      </KeyValue>
      <KeyValue>
        <Key>com.sysprogs.bspoptions.arm.floatmode</Key>
        <Value>-mfloat-abi=hard</Value>
      </KeyValue>
      <KeyValue>
        <Key>com.sysprogs.mcuoptions.ignore_startup_file</Key>
        <Value />
      </KeyValue>
      <KeyValue>
        <Key>com.sysprogs.toolchainoptions.arm.libctype</Key>
        <Value />
      </KeyValue>
      <KeyValue>
        <Key>com.sysprogs.toolchainoptions.arm.libnosys</Key>
        <Value />
      </KeyValue>
    </Entries>
  </MCUProperties>
  <BSPSourceFolderName>Device-specific files</BSPSourceFolderName>
  <MCUMakFile>stm32.mak</MCUMakFile>
  <ReferencedFrameworks>
    <string>com.sysprogs.arm.stm32.hal</string>
    <string>com.sysprogs.arm.stm32.usbdev</string>
  </ReferencedFrameworks>
  <FrameworkProperties>
    <Entries>
      <KeyValue>
        <Key>com.sysprogs.bspoptions.stm32.usb.devclass</Key>
        <Value>CDC</Value>
      </KeyValue>
      <KeyValue>
        <Key>com.sysprogs.bspoptions.stm32.usb.speed</Key>
        <Value>FS</Value>
      </KeyValue>
    </Entries>
  </FrameworkProperties>
  <TestFrameworkProperties>
    <Entries />
  </TestFrameworkProperties>
</EmbeddedProfile>